{"loss": [NaN, NaN, NaN, NaN, NaN, NaN, NaN], "mae": [NaN, NaN, NaN, NaN, NaN, NaN, NaN], "mean_q": [NaN, NaN, NaN, NaN, NaN, NaN, NaN], "mean_eps": [NaN, NaN, NaN, NaN, NaN, NaN, NaN], "episode_reward": [0.0, 0.0, 0.0, 0.0, 0.0, 0.0, 0.0], "nb_episode_steps": [1304, 1279, 1495, 1386, 1661, 2000, 2000], "nb_steps": [1304, 2583, 4078, 5464, 7125, 9125, 11125], "episode": [0, 1, 2, 3, 4, 5, 6], "duration": [13.2035534, 5.3107995, 6.223609099999997, 5.750527600000002, 6.8666259000000025, 8.331288100000002, 8.467726600000006]}